{
  "name": "Golarion-Unseen",
  "title": "Golarion Unseen Bloodlines",
  "description": "A module that provides additional Sorcerer bloodlines for the Pathfinder 2E system.",
  "author": "John Holmes",
  "version": "1.0",
  "minimumCoreVersion": "0.9.0",
  "compatibleCoreVersion": "0.9.269",
  "packs": [    
{
      "label": "Unseen-Bloodline-Spells",
      "type": "Item",
      "name": "Bloodline-Spells",
      "path": "./packs/Bloodline-Spells.db",
      "system": "pf2e",
      "package": "Bloodline-Spells",
      "private": false
    },
    {
      "label": "Unseen-Bloodlines",
      "type": "Item",
      "name": "Unseen-Bloodlines",
      "path": "./packs/Bloodlines.db",
      "system": "pf2e",
      "package": "Unseen-Bloodlines",
      "private": false
    }
],
  "system": [
    "pf2e"
  ],
  "minimumSystemVersion": "3.10"
}
